"Path","LineNumber","Line"
"C:\Users\Miguel\Documents\Aplicaciones\1Sistema de información para la gestión de proyectos de investigación del CGAO\node_modules\.vite\deps\chunk-2YIMICFJ.js","707","                  escapedPrefix + // $FlowFixMe Flow incorrectly thinks React.Portal doesn't have a key"
"C:\Users\Miguel\Documents\Aplicaciones\1Sistema de información para la gestión de proyectos de investigación del CGAO\node_modules\.vite\deps\chunk-2YIMICFJ.js","709","                    // $FlowFixMe Flow incorrectly thinks existing element's key can be a number"
"C:\Users\Miguel\Documents\Aplicaciones\1Sistema de información para la gestión de proyectos de investigación del CGAO\node_modules\.vite\deps\chunk-SVG7M4VJ.js","7977","                // $FlowFixMe - Should be inferred as not undefined."
"C:\Users\Miguel\Documents\Aplicaciones\1Sistema de información para la gestión de proyectos de investigación del CGAO\node_modules\.vite\deps\chunk-SVG7M4VJ.js","10380","              if (typeof Symbol === ""function"" && // $FlowFixMe Flow doesn't know about toStringTag"
"C:\Users\Miguel\Documents\Aplicaciones\1Sistema de información para la gestión de proyectos de investigación del CGAO\node_modules\.vite\deps\chunk-SVG7M4VJ.js","20969","                // $FlowFixMe number or string is fine here"
"C:\Users\Miguel\Documents\Aplicaciones\1Sistema de información para la gestión de proyectos de investigación del CGAO\node_modules\@vitejs\plugin-react\dist\refresh-runtime.js","477","        // $FlowFixMe[escaped-generic] discovered when updating Flow"
"C:\Users\Miguel\Documents\Aplicaciones\1Sistema de información para la gestión de proyectos de investigación del CGAO\node_modules\react\cjs\react-jsx-dev-runtime.development.js","267","      }; // $FlowFixMe Flow thinks console is immutable."
"C:\Users\Miguel\Documents\Aplicaciones\1Sistema de información para la gestión de proyectos de investigación del CGAO\node_modules\react\cjs\react-jsx-dev-runtime.development.js","294","      }; // $FlowFixMe Flow thinks console is immutable."
"C:\Users\Miguel\Documents\Aplicaciones\1Sistema de información para la gestión de proyectos de investigación del CGAO\node_modules\react\cjs\react-jsx-dev-runtime.development.js","370","  var previousPrepareStackTrace = Error.prepareStackTrace; // $FlowFixMe It does accept undefined."
"C:\Users\Miguel\Documents\Aplicaciones\1Sistema de información para la gestión de proyectos de investigación del CGAO\node_modules\react\cjs\react-jsx-dev-runtime.development.js","389","      }; // $FlowFixMe"
"C:\Users\Miguel\Documents\Aplicaciones\1Sistema de información para la gestión de proyectos de investigación del CGAO\node_modules\react\cjs\react-jsx-dev-runtime.development.js","593","    // $FlowFixMe This is okay but Flow doesn't know it."
"C:\Users\Miguel\Documents\Aplicaciones\1Sistema de información para la gestión de proyectos de investigación del CGAO\node_modules\react\cjs\react-jsx-dev-runtime.development.js","655","// $FlowFixMe only called in DEV, so void return is not possible."
"C:\Users\Miguel\Documents\Aplicaciones\1Sistema de información para la gestión de proyectos de investigación del CGAO\node_modules\react\cjs\react-jsx-dev-runtime.development.js","663","} // $FlowFixMe only called in DEV, so void return is not possible."
"C:\Users\Miguel\Documents\Aplicaciones\1Sistema de información para la gestión de proyectos de investigación del CGAO\node_modules\react\cjs\react-jsx-runtime.development.js","267","      }; // $FlowFixMe Flow thinks console is immutable."
"C:\Users\Miguel\Documents\Aplicaciones\1Sistema de información para la gestión de proyectos de investigación del CGAO\node_modules\react\cjs\react-jsx-runtime.development.js","294","      }; // $FlowFixMe Flow thinks console is immutable."
"C:\Users\Miguel\Documents\Aplicaciones\1Sistema de información para la gestión de proyectos de investigación del CGAO\node_modules\react\cjs\react-jsx-runtime.development.js","370","  var previousPrepareStackTrace = Error.prepareStackTrace; // $FlowFixMe It does accept undefined."
"C:\Users\Miguel\Documents\Aplicaciones\1Sistema de información para la gestión de proyectos de investigación del CGAO\node_modules\react\cjs\react-jsx-runtime.development.js","389","      }; // $FlowFixMe"
"C:\Users\Miguel\Documents\Aplicaciones\1Sistema de información para la gestión de proyectos de investigación del CGAO\node_modules\react\cjs\react-jsx-runtime.development.js","593","    // $FlowFixMe This is okay but Flow doesn't know it."
"C:\Users\Miguel\Documents\Aplicaciones\1Sistema de información para la gestión de proyectos de investigación del CGAO\node_modules\react\cjs\react-jsx-runtime.development.js","655","// $FlowFixMe only called in DEV, so void return is not possible."
"C:\Users\Miguel\Documents\Aplicaciones\1Sistema de información para la gestión de proyectos de investigación del CGAO\node_modules\react\cjs\react-jsx-runtime.development.js","663","} // $FlowFixMe only called in DEV, so void return is not possible."
"C:\Users\Miguel\Documents\Aplicaciones\1Sistema de información para la gestión de proyectos de investigación del CGAO\node_modules\react\cjs\react.development.js","454","// $FlowFixMe only called in DEV, so void return is not possible."
"C:\Users\Miguel\Documents\Aplicaciones\1Sistema de información para la gestión de proyectos de investigación del CGAO\node_modules\react\cjs\react.development.js","462","} // $FlowFixMe only called in DEV, so void return is not possible."
"C:\Users\Miguel\Documents\Aplicaciones\1Sistema de información para la gestión de proyectos de investigación del CGAO\node_modules\react\cjs\react.development.js","1069","          // $FlowFixMe Flow incorrectly thinks React.Portal doesn't have a key"
"C:\Users\Miguel\Documents\Aplicaciones\1Sistema de información para la gestión de proyectos de investigación del CGAO\node_modules\react\cjs\react.development.js","1077","        escapedPrefix + ( // $FlowFixMe Flow incorrectly thinks React.Portal doesn't have a key"
"C:\Users\Miguel\Documents\Aplicaciones\1Sistema de información para la gestión de proyectos de investigación del CGAO\node_modules\react\cjs\react.development.js","1078","        mappedChild.key && (!_child || _child.key !== mappedChild.key) ? // $FlowFixMe Flow incorrectly thinks existing element's key can be a number"
"C:\Users\Miguel\Documents\Aplicaciones\1Sistema de información para la gestión de proyectos de investigación del CGAO\node_modules\react\cjs\react.development.js","1272","    }; // $FlowFixMe: Flow complains about not setting a value, which is intentional here"
"C:\Users\Miguel\Documents\Aplicaciones\1Sistema de información para la gestión de proyectos de investigación del CGAO\node_modules\react\cjs\react.development.js","1336","    }); // $FlowFixMe: Flow complains about missing properties because it doesn't understand defineProperty"
"C:\Users\Miguel\Documents\Aplicaciones\1Sistema de información para la gestión de proyectos de investigación del CGAO\node_modules\react\cjs\react.development.js","1426","    var propTypes; // $FlowFixMe"
"C:\Users\Miguel\Documents\Aplicaciones\1Sistema de información para la gestión de proyectos de investigación del CGAO\node_modules\react\cjs\react.development.js","1438","          // $FlowFixMe"
"C:\Users\Miguel\Documents\Aplicaciones\1Sistema de información para la gestión de proyectos de investigación del CGAO\node_modules\react\cjs\react.development.js","1454","          // $FlowFixMe"
"C:\Users\Miguel\Documents\Aplicaciones\1Sistema de información para la gestión de proyectos de investigación del CGAO\node_modules\react\cjs\react.development.js","1712","      }; // $FlowFixMe Flow thinks console is immutable."
"C:\Users\Miguel\Documents\Aplicaciones\1Sistema de información para la gestión de proyectos de investigación del CGAO\node_modules\react\cjs\react.development.js","1739","      }; // $FlowFixMe Flow thinks console is immutable."
"C:\Users\Miguel\Documents\Aplicaciones\1Sistema de información para la gestión de proyectos de investigación del CGAO\node_modules\react\cjs\react.development.js","1815","  var previousPrepareStackTrace = Error.prepareStackTrace; // $FlowFixMe It does accept undefined."
"C:\Users\Miguel\Documents\Aplicaciones\1Sistema de información para la gestión de proyectos de investigación del CGAO\node_modules\react\cjs\react.development.js","1834","      }; // $FlowFixMe"
"C:\Users\Miguel\Documents\Aplicaciones\1Sistema de información para la gestión de proyectos de investigación del CGAO\node_modules\react\cjs\react.development.js","2036","    // $FlowFixMe This is okay but Flow doesn't know it."
"C:\Users\Miguel\Documents\Aplicaciones\1Sistema de información para la gestión de proyectos de investigación del CGAO\node_modules\react\umd\react.development.js","444","  // $FlowFixMe only called in DEV, so void return is not possible."
"C:\Users\Miguel\Documents\Aplicaciones\1Sistema de información para la gestión de proyectos de investigación del CGAO\node_modules\react\umd\react.development.js","452","  } // $FlowFixMe only called in DEV, so void return is not possible."
"C:\Users\Miguel\Documents\Aplicaciones\1Sistema de información para la gestión de proyectos de investigación del CGAO\node_modules\react\umd\react.development.js","1059","            // $FlowFixMe Flow incorrectly thinks React.Portal doesn't have a key"
"C:\Users\Miguel\Documents\Aplicaciones\1Sistema de información para la gestión de proyectos de investigación del CGAO\node_modules\react\umd\react.development.js","1067","          escapedPrefix + ( // $FlowFixMe Flow incorrectly thinks React.Portal doesn't have a key"
"C:\Users\Miguel\Documents\Aplicaciones\1Sistema de información para la gestión de proyectos de investigación del CGAO\node_modules\react\umd\react.development.js","1068","          mappedChild.key && (!_child || _child.key !== mappedChild.key) ? // $FlowFixMe Flow incorrectly thinks existing element's key can be a number"
"C:\Users\Miguel\Documents\Aplicaciones\1Sistema de información para la gestión de proyectos de investigación del CGAO\node_modules\react\umd\react.development.js","1262","      }; // $FlowFixMe: Flow complains about not setting a value, which is intentional here"
"C:\Users\Miguel\Documents\Aplicaciones\1Sistema de información para la gestión de proyectos de investigación del CGAO\node_modules\react\umd\react.development.js","1326","      }); // $FlowFixMe: Flow complains about missing properties because it doesn't understand defineProperty"
"C:\Users\Miguel\Documents\Aplicaciones\1Sistema de información para la gestión de proyectos de investigación del CGAO\node_modules\react\umd\react.development.js","1416","      var propTypes; // $FlowFixMe"
"C:\Users\Miguel\Documents\Aplicaciones\1Sistema de información para la gestión de proyectos de investigación del CGAO\node_modules\react\umd\react.development.js","1428","            // $FlowFixMe"
"C:\Users\Miguel\Documents\Aplicaciones\1Sistema de información para la gestión de proyectos de investigación del CGAO\node_modules\react\umd\react.development.js","1444","            // $FlowFixMe"
"C:\Users\Miguel\Documents\Aplicaciones\1Sistema de información para la gestión de proyectos de investigación del CGAO\node_modules\react\umd\react.development.js","1702","        }; // $FlowFixMe Flow thinks console is immutable."
"C:\Users\Miguel\Documents\Aplicaciones\1Sistema de información para la gestión de proyectos de investigación del CGAO\node_modules\react\umd\react.development.js","1729","        }; // $FlowFixMe Flow thinks console is immutable."
"C:\Users\Miguel\Documents\Aplicaciones\1Sistema de información para la gestión de proyectos de investigación del CGAO\node_modules\react\umd\react.development.js","1805","    var previousPrepareStackTrace = Error.prepareStackTrace; // $FlowFixMe It does accept undefined."
"C:\Users\Miguel\Documents\Aplicaciones\1Sistema de información para la gestión de proyectos de investigación del CGAO\node_modules\react\umd\react.development.js","1824","        }; // $FlowFixMe"
"C:\Users\Miguel\Documents\Aplicaciones\1Sistema de información para la gestión de proyectos de investigación del CGAO\node_modules\react\umd\react.development.js","2026","      // $FlowFixMe This is okay but Flow doesn't know it."
"C:\Users\Miguel\Documents\Aplicaciones\1Sistema de información para la gestión de proyectos de investigación del CGAO\node_modules\react-dom\cjs\react-dom-server-legacy.browser.development.js","97","  // $FlowFixMe: This is an Error object or the destination accepts other types."
"C:\Users\Miguel\Documents\Aplicaciones\1Sistema de información para la gestión de proyectos de investigación del CGAO\node_modules\react-dom\cjs\react-dom-server-legacy.browser.development.js","110","// $FlowFixMe only called in DEV, so void return is not possible."
"C:\Users\Miguel\Documents\Aplicaciones\1Sistema de información para la gestión de proyectos de investigación del CGAO\node_modules\react-dom\cjs\react-dom-server-legacy.browser.development.js","118","} // $FlowFixMe only called in DEV, so void return is not possible."
"C:\Users\Miguel\Documents\Aplicaciones\1Sistema de información para la gestión de proyectos de investigación del CGAO\node_modules\react-dom\cjs\react-dom-server-legacy.browser.development.js","3572","      }; // $FlowFixMe Flow thinks console is immutable."
"C:\Users\Miguel\Documents\Aplicaciones\1Sistema de información para la gestión de proyectos de investigación del CGAO\node_modules\react-dom\cjs\react-dom-server-legacy.browser.development.js","3599","      }; // $FlowFixMe Flow thinks console is immutable."
"C:\Users\Miguel\Documents\Aplicaciones\1Sistema de información para la gestión de proyectos de investigación del CGAO\node_modules\react-dom\cjs\react-dom-server-legacy.browser.development.js","3675","  var previousPrepareStackTrace = Error.prepareStackTrace; // $FlowFixMe It does accept undefined."
"C:\Users\Miguel\Documents\Aplicaciones\1Sistema de información para la gestión de proyectos de investigación del CGAO\node_modules\react-dom\cjs\react-dom-server-legacy.browser.development.js","3694","      }; // $FlowFixMe"
"C:\Users\Miguel\Documents\Aplicaciones\1Sistema de información para la gestión de proyectos de investigación del CGAO\node_modules\react-dom\cjs\react-dom-server-legacy.browser.development.js","3902","    // $FlowFixMe This is okay but Flow doesn't know it."
"C:\Users\Miguel\Documents\Aplicaciones\1Sistema de información para la gestión de proyectos de investigación del CGAO\node_modules\react-dom\cjs\react-dom-server-legacy.browser.development.js","4140","      // $FlowFixMe: This has to be non-null since it's not equal to prev."
"C:\Users\Miguel\Documents\Aplicaciones\1Sistema de información para la gestión de proyectos de investigación del CGAO\node_modules\react-dom\cjs\react-dom-server-legacy.browser.development.js","5011","  // $FlowFixMe: Flow doesn't like mixed types"
"C:\Users\Miguel\Documents\Aplicaciones\1Sistema de información para la gestión de proyectos de investigación del CGAO\node_modules\react-dom\cjs\react-dom-server-legacy.browser.development.js","6064","    if (typeof Symbol === 'function' && // $FlowFixMe Flow doesn't know about toStringTag"
"C:\Users\Miguel\Documents\Aplicaciones\1Sistema de información para la gestión de proyectos de investigación del CGAO\node_modules\react-dom\cjs\react-dom-server-legacy.node.development.js","98","  // $FlowFixMe: This is an Error object or the destination accepts other types."
"C:\Users\Miguel\Documents\Aplicaciones\1Sistema de información para la gestión de proyectos de investigación del CGAO\node_modules\react-dom\cjs\react-dom-server-legacy.node.development.js","111","// $FlowFixMe only called in DEV, so void return is not possible."
"C:\Users\Miguel\Documents\Aplicaciones\1Sistema de información para la gestión de proyectos de investigación del CGAO\node_modules\react-dom\cjs\react-dom-server-legacy.node.development.js","119","} // $FlowFixMe only called in DEV, so void return is not possible."
"C:\Users\Miguel\Documents\Aplicaciones\1Sistema de información para la gestión de proyectos de investigación del CGAO\node_modules\react-dom\cjs\react-dom-server-legacy.node.development.js","3573","      }; // $FlowFixMe Flow thinks console is immutable."
"C:\Users\Miguel\Documents\Aplicaciones\1Sistema de información para la gestión de proyectos de investigación del CGAO\node_modules\react-dom\cjs\react-dom-server-legacy.node.development.js","3600","      }; // $FlowFixMe Flow thinks console is immutable."
"C:\Users\Miguel\Documents\Aplicaciones\1Sistema de información para la gestión de proyectos de investigación del CGAO\node_modules\react-dom\cjs\react-dom-server-legacy.node.development.js","3676","  var previousPrepareStackTrace = Error.prepareStackTrace; // $FlowFixMe It does accept undefined."
"C:\Users\Miguel\Documents\Aplicaciones\1Sistema de información para la gestión de proyectos de investigación del CGAO\node_modules\react-dom\cjs\react-dom-server-legacy.node.development.js","3695","      }; // $FlowFixMe"
"C:\Users\Miguel\Documents\Aplicaciones\1Sistema de información para la gestión de proyectos de investigación del CGAO\node_modules\react-dom\cjs\react-dom-server-legacy.node.development.js","3903","    // $FlowFixMe This is okay but Flow doesn't know it."
"C:\Users\Miguel\Documents\Aplicaciones\1Sistema de información para la gestión de proyectos de investigación del CGAO\node_modules\react-dom\cjs\react-dom-server-legacy.node.development.js","4141","      // $FlowFixMe: This has to be non-null since it's not equal to prev."
"C:\Users\Miguel\Documents\Aplicaciones\1Sistema de información para la gestión de proyectos de investigación del CGAO\node_modules\react-dom\cjs\react-dom-server-legacy.node.development.js","5012","  // $FlowFixMe: Flow doesn't like mixed types"
"C:\Users\Miguel\Documents\Aplicaciones\1Sistema de información para la gestión de proyectos de investigación del CGAO\node_modules\react-dom\cjs\react-dom-server-legacy.node.development.js","6065","    if (typeof Symbol === 'function' && // $FlowFixMe Flow doesn't know about toStringTag"
"C:\Users\Miguel\Documents\Aplicaciones\1Sistema de información para la gestión de proyectos de investigación del CGAO\node_modules\react-dom\cjs\react-dom-server-legacy.node.development.js","7031","    abort(this.request); // $FlowFixMe: The type definition for the callback should allow undefined and null."
"C:\Users\Miguel\Documents\Aplicaciones\1Sistema de información para la gestión de proyectos de investigación del CGAO\node_modules\react-dom\cjs\react-dom-server.browser.development.js","154","    // $FlowFixMe: This is an Error object or the destination accepts other types."
"C:\Users\Miguel\Documents\Aplicaciones\1Sistema de información para la gestión de proyectos de investigación del CGAO\node_modules\react-dom\cjs\react-dom-server.browser.development.js","176","// $FlowFixMe only called in DEV, so void return is not possible."
"C:\Users\Miguel\Documents\Aplicaciones\1Sistema de información para la gestión de proyectos de investigación del CGAO\node_modules\react-dom\cjs\react-dom-server.browser.development.js","184","} // $FlowFixMe only called in DEV, so void return is not possible."
"C:\Users\Miguel\Documents\Aplicaciones\1Sistema de información para la gestión de proyectos de investigación del CGAO\node_modules\react-dom\cjs\react-dom-server.browser.development.js","3569","      }; // $FlowFixMe Flow thinks console is immutable."
"C:\Users\Miguel\Documents\Aplicaciones\1Sistema de información para la gestión de proyectos de investigación del CGAO\node_modules\react-dom\cjs\react-dom-server.browser.development.js","3596","      }; // $FlowFixMe Flow thinks console is immutable."
"C:\Users\Miguel\Documents\Aplicaciones\1Sistema de información para la gestión de proyectos de investigación del CGAO\node_modules\react-dom\cjs\react-dom-server.browser.development.js","3672","  var previousPrepareStackTrace = Error.prepareStackTrace; // $FlowFixMe It does accept undefined."
"C:\Users\Miguel\Documents\Aplicaciones\1Sistema de información para la gestión de proyectos de investigación del CGAO\node_modules\react-dom\cjs\react-dom-server.browser.development.js","3691","      }; // $FlowFixMe"
"C:\Users\Miguel\Documents\Aplicaciones\1Sistema de información para la gestión de proyectos de investigación del CGAO\node_modules\react-dom\cjs\react-dom-server.browser.development.js","3899","    // $FlowFixMe This is okay but Flow doesn't know it."
"C:\Users\Miguel\Documents\Aplicaciones\1Sistema de información para la gestión de proyectos de investigación del CGAO\node_modules\react-dom\cjs\react-dom-server.browser.development.js","4137","      // $FlowFixMe: This has to be non-null since it's not equal to prev."
"C:\Users\Miguel\Documents\Aplicaciones\1Sistema de información para la gestión de proyectos de investigación del CGAO\node_modules\react-dom\cjs\react-dom-server.browser.development.js","5008","  // $FlowFixMe: Flow doesn't like mixed types"
"C:\Users\Miguel\Documents\Aplicaciones\1Sistema de información para la gestión de proyectos de investigación del CGAO\node_modules\react-dom\cjs\react-dom-server.browser.development.js","6061","    if (typeof Symbol === 'function' && // $FlowFixMe Flow doesn't know about toStringTag"
"C:\Users\Miguel\Documents\Aplicaciones\1Sistema de información para la gestión de proyectos de investigación del CGAO\node_modules\react-dom\cjs\react-dom-server.browser.development.js","6977","      }, // $FlowFixMe size() methods are not allowed on byte streams."
"C:\Users\Miguel\Documents\Aplicaciones\1Sistema de información para la gestión de proyectos de investigación del CGAO\node_modules\react-dom\cjs\react-dom-server.node.development.js","229","  // $FlowFixMe: This is an Error object or the destination accepts other types."
"C:\Users\Miguel\Documents\Aplicaciones\1Sistema de información para la gestión de proyectos de investigación del CGAO\node_modules\react-dom\cjs\react-dom-server.node.development.js","242","// $FlowFixMe only called in DEV, so void return is not possible."
"C:\Users\Miguel\Documents\Aplicaciones\1Sistema de información para la gestión de proyectos de investigación del CGAO\node_modules\react-dom\cjs\react-dom-server.node.development.js","250","} // $FlowFixMe only called in DEV, so void return is not possible."
"C:\Users\Miguel\Documents\Aplicaciones\1Sistema de información para la gestión de proyectos de investigación del CGAO\node_modules\react-dom\cjs\react-dom-server.node.development.js","3635","      }; // $FlowFixMe Flow thinks console is immutable."
"C:\Users\Miguel\Documents\Aplicaciones\1Sistema de información para la gestión de proyectos de investigación del CGAO\node_modules\react-dom\cjs\react-dom-server.node.development.js","3662","      }; // $FlowFixMe Flow thinks console is immutable."
"C:\Users\Miguel\Documents\Aplicaciones\1Sistema de información para la gestión de proyectos de investigación del CGAO\node_modules\react-dom\cjs\react-dom-server.node.development.js","3738","  var previousPrepareStackTrace = Error.prepareStackTrace; // $FlowFixMe It does accept undefined."
"C:\Users\Miguel\Documents\Aplicaciones\1Sistema de información para la gestión de proyectos de investigación del CGAO\node_modules\react-dom\cjs\react-dom-server.node.development.js","3757","      }; // $FlowFixMe"
"C:\Users\Miguel\Documents\Aplicaciones\1Sistema de información para la gestión de proyectos de investigación del CGAO\node_modules\react-dom\cjs\react-dom-server.node.development.js","3965","    // $FlowFixMe This is okay but Flow doesn't know it."
"C:\Users\Miguel\Documents\Aplicaciones\1Sistema de información para la gestión de proyectos de investigación del CGAO\node_modules\react-dom\cjs\react-dom-server.node.development.js","4203","      // $FlowFixMe: This has to be non-null since it's not equal to prev."
"C:\Users\Miguel\Documents\Aplicaciones\1Sistema de información para la gestión de proyectos de investigación del CGAO\node_modules\react-dom\cjs\react-dom-server.node.development.js","5074","  // $FlowFixMe: Flow doesn't like mixed types"
"C:\Users\Miguel\Documents\Aplicaciones\1Sistema de información para la gestión de proyectos de investigación del CGAO\node_modules\react-dom\cjs\react-dom-server.node.development.js","6127","    if (typeof Symbol === 'function' && // $FlowFixMe Flow doesn't know about toStringTag"
"C:\Users\Miguel\Documents\Aplicaciones\1Sistema de información para la gestión de proyectos de investigación del CGAO\node_modules\react-dom\cjs\react-dom-test-utils.development.js","422","        event.preventDefault(); // $FlowFixMe - flow is not aware of `unknown` in IE"
"C:\Users\Miguel\Documents\Aplicaciones\1Sistema de información para la gestión de proyectos de investigación del CGAO\node_modules\react-dom\cjs\react-dom-test-utils.development.js","437","        event.stopPropagation(); // $FlowFixMe - flow is not aware of `unknown` in IE"
"C:\Users\Miguel\Documents\Aplicaciones\1Sistema de información para la gestión de proyectos de investigación del CGAO\node_modules\react-dom\cjs\react-dom.development.js","213","// $FlowFixMe only called in DEV, so void return is not possible."
"C:\Users\Miguel\Documents\Aplicaciones\1Sistema de información para la gestión de proyectos de investigación del CGAO\node_modules\react-dom\cjs\react-dom.development.js","221","} // $FlowFixMe only called in DEV, so void return is not possible."
"C:\Users\Miguel\Documents\Aplicaciones\1Sistema de información para la gestión de proyectos de investigación del CGAO\node_modules\react-dom\cjs\react-dom.development.js","933","      }; // $FlowFixMe Flow thinks console is immutable."
"C:\Users\Miguel\Documents\Aplicaciones\1Sistema de información para la gestión de proyectos de investigación del CGAO\node_modules\react-dom\cjs\react-dom.development.js","960","      }; // $FlowFixMe Flow thinks console is immutable."
"C:\Users\Miguel\Documents\Aplicaciones\1Sistema de información para la gestión de proyectos de investigación del CGAO\node_modules\react-dom\cjs\react-dom.development.js","1036","  var previousPrepareStackTrace = Error.prepareStackTrace; // $FlowFixMe It does accept undefined."
"C:\Users\Miguel\Documents\Aplicaciones\1Sistema de información para la gestión de proyectos de investigación del CGAO\node_modules\react-dom\cjs\react-dom.development.js","1055","      }; // $FlowFixMe"
"C:\Users\Miguel\Documents\Aplicaciones\1Sistema de información para la gestión de proyectos de investigación del CGAO\node_modules\react-dom\cjs\react-dom.development.js","4065","    var options = {}; // $FlowFixMe: Ignore Flow complaining about needing a value"
"C:\Users\Miguel\Documents\Aplicaciones\1Sistema de información para la gestión de proyectos de investigación del CGAO\node_modules\react-dom\cjs\react-dom.development.js","6878","        event.preventDefault(); // $FlowFixMe - flow is not aware of `unknown` in IE"
"C:\Users\Miguel\Documents\Aplicaciones\1Sistema de información para la gestión de proyectos de investigación del CGAO\node_modules\react-dom\cjs\react-dom.development.js","6893","        event.stopPropagation(); // $FlowFixMe - flow is not aware of `unknown` in IE"
"C:\Users\Miguel\Documents\Aplicaciones\1Sistema de información para la gestión de proyectos de investigación del CGAO\node_modules\react-dom\cjs\react-dom.development.js","10354","        // $FlowFixMe - Should be inferred as not undefined."
"C:\Users\Miguel\Documents\Aplicaciones\1Sistema de información para la gestión de proyectos de investigación del CGAO\node_modules\react-dom\cjs\react-dom.development.js","10366","        // $FlowFixMe - Should be inferred as not undefined."
"C:\Users\Miguel\Documents\Aplicaciones\1Sistema de información para la gestión de proyectos de investigación del CGAO\node_modules\react-dom\cjs\react-dom.development.js","10377","          // $FlowFixMe - Should be inferred as not undefined."
"C:\Users\Miguel\Documents\Aplicaciones\1Sistema de información para la gestión de proyectos de investigación del CGAO\node_modules\react-dom\cjs\react-dom.development.js","10388","            // $FlowFixMe - Should be inferred as not undefined."
"C:\Users\Miguel\Documents\Aplicaciones\1Sistema de información para la gestión de proyectos de investigación del CGAO\node_modules\react-dom\cjs\react-dom.development.js","10399","              isMismatchDueToBadCasing = true; // $FlowFixMe - Should be inferred as not undefined."
"C:\Users\Miguel\Documents\Aplicaciones\1Sistema de información para la gestión de proyectos de investigación del CGAO\node_modules\react-dom\cjs\react-dom.development.js","10402","            } // $FlowFixMe - Should be inferred as not undefined."
"C:\Users\Miguel\Documents\Aplicaciones\1Sistema de información para la gestión de proyectos de investigación del CGAO\node_modules\react-dom\cjs\react-dom.development.js","10422","      if ( // $FlowFixMe - Should be inferred as not undefined."
"C:\Users\Miguel\Documents\Aplicaciones\1Sistema de información para la gestión de proyectos de investigación del CGAO\node_modules\react-dom\cjs\react-dom.development.js","10424","        // $FlowFixMe - Should be inferred as not undefined."
"C:\Users\Miguel\Documents\Aplicaciones\1Sistema de información para la gestión de proyectos de investigación del CGAO\node_modules\react-dom\cjs\react-dom.development.js","11408","    // $FlowFixMe: Only Element or Document can be parent nodes."
"C:\Users\Miguel\Documents\Aplicaciones\1Sistema de información para la gestión de proyectos de investigación del CGAO\node_modules\react-dom\cjs\react-dom.development.js","11443","    // $FlowFixMe: Only Element or Document can be parent nodes."
"C:\Users\Miguel\Documents\Aplicaciones\1Sistema de información para la gestión de proyectos de investigación del CGAO\node_modules\react-dom\cjs\react-dom.development.js","11450","    // $FlowFixMe: Only Element or Document can be parent nodes."
"C:\Users\Miguel\Documents\Aplicaciones\1Sistema de información para la gestión de proyectos de investigación del CGAO\node_modules\react-dom\cjs\react-dom.development.js","11660","    // $FlowFixMe This is okay but Flow doesn't know it."
"C:\Users\Miguel\Documents\Aplicaciones\1Sistema de información para la gestión de proyectos de investigación del CGAO\node_modules\react-dom\cjs\react-dom.development.js","13723","      if (typeof Symbol === 'function' && // $FlowFixMe Flow doesn't know about toStringTag"
"C:\Users\Miguel\Documents\Aplicaciones\1Sistema de información para la gestión de proyectos de investigación del CGAO\node_modules\react-dom\cjs\react-dom.development.js","15720","  // $FlowFixMe: Flow doesn't like mixed types"
"C:\Users\Miguel\Documents\Aplicaciones\1Sistema de información para la gestión de proyectos de investigación del CGAO\node_modules\react-dom\cjs\react-dom.development.js","16166","    // $FlowFixMe: Flow doesn't like mixed types"
"C:\Users\Miguel\Documents\Aplicaciones\1Sistema de información para la gestión de proyectos de investigación del CGAO\node_modules\react-dom\cjs\react-dom.development.js","22048","              // $FlowFixMe Flow doesn't support type casting in combination with the -= operator"
"C:\Users\Miguel\Documents\Aplicaciones\1Sistema de información para la gestión de proyectos de investigación del CGAO\node_modules\react-dom\cjs\react-dom.development.js","22083","              // $FlowFixMe Flow doesn't support type casting in combination with the -= operator"
"C:\Users\Miguel\Documents\Aplicaciones\1Sistema de información para la gestión de proyectos de investigación del CGAO\node_modules\react-dom\cjs\react-dom.development.js","22385","                // $FlowFixMe Flow doesn't support type casting in combination with the -= operator"
"C:\Users\Miguel\Documents\Aplicaciones\1Sistema de información para la gestión de proyectos de investigación del CGAO\node_modules\react-dom\cjs\react-dom.development.js","25960","              // FIXME: What if the suspended lanes are Idle? Should not restart."
"C:\Users\Miguel\Documents\Aplicaciones\1Sistema de información para la gestión de proyectos de investigación del CGAO\node_modules\react-dom\cjs\react-dom.development.js","26267","    root.timeoutHandle = noTimeout; // $FlowFixMe Complains noTimeout is not a TimeoutID, despite the check above"
"C:\Users\Miguel\Documents\Aplicaciones\1Sistema de información para la gestión de proyectos de investigación del CGAO\node_modules\react-dom\cjs\react-dom.development.js","27655","var resolveFamily = null; // $FlowFixMe Flow gets confused by a WeakSet feature check below."
"C:\Users\Miguel\Documents\Aplicaciones\1Sistema de información para la gestión de proyectos de investigación del CGAO\node_modules\react-dom\cjs\react-dom.development.js","28153","  // $FlowFixMe: the shapes are exact here but Flow doesn't like constructors"
"C:\Users\Miguel\Documents\Aplicaciones\1Sistema de información para la gestión de proyectos de investigación del CGAO\node_modules\react-dom\cjs\react-dom.development.js","29054","    } // $FlowFixMe number or string is fine here"
"C:\Users\Miguel\Documents\Aplicaciones\1Sistema de información para la gestión de proyectos de investigación del CGAO\node_modules\react-dom\cjs\react-dom.development.js","29070","      var newKey = newPath[index]; // $FlowFixMe number or string is fine here"
"C:\Users\Miguel\Documents\Aplicaciones\1Sistema de información para la gestión de proyectos de investigación del CGAO\node_modules\react-dom\cjs\react-dom.development.js","29080","      // $FlowFixMe number or string is fine here"
"C:\Users\Miguel\Documents\Aplicaciones\1Sistema de información para la gestión de proyectos de investigación del CGAO\node_modules\react-dom\cjs\react-dom.development.js","29081","      updated[oldKey] = copyWithRenameImpl( // $FlowFixMe number or string is fine here"
"C:\Users\Miguel\Documents\Aplicaciones\1Sistema de información para la gestión de proyectos de investigación del CGAO\node_modules\react-dom\cjs\react-dom.development.js","29112","    var updated = isArray(obj) ? obj.slice() : assign({}, obj); // $FlowFixMe number or string is fine here"
"C:\Users\Miguel\Documents\Aplicaciones\1Sistema de información para la gestión de proyectos de investigación del CGAO\node_modules\react-dom\cjs\react-dom.development.js","29783","        // $FlowFixMe This should probably use `delete container._reactRootContainer`"
"C:\Users\Miguel\Documents\Aplicaciones\1Sistema de información para la gestión de proyectos de investigación del CGAO\node_modules\react-dom\cjs\react-dom.development.js","29831","  // $FlowFixMe The Flow type is opaque but there's no way to actually create it."
"C:\Users\Miguel\Documents\Aplicaciones\1Sistema de información para la gestión de proyectos de investigación del CGAO\node_modules\react-dom\umd\react-dom-server-legacy.browser.development.js","94","    // $FlowFixMe: This is an Error object or the destination accepts other types."
"C:\Users\Miguel\Documents\Aplicaciones\1Sistema de información para la gestión de proyectos de investigación del CGAO\node_modules\react-dom\umd\react-dom-server-legacy.browser.development.js","107","  // $FlowFixMe only called in DEV, so void return is not possible."
"C:\Users\Miguel\Documents\Aplicaciones\1Sistema de información para la gestión de proyectos de investigación del CGAO\node_modules\react-dom\umd\react-dom-server-legacy.browser.development.js","115","  } // $FlowFixMe only called in DEV, so void return is not possible."
"C:\Users\Miguel\Documents\Aplicaciones\1Sistema de información para la gestión de proyectos de investigación del CGAO\node_modules\react-dom\umd\react-dom-server-legacy.browser.development.js","3569","        }; // $FlowFixMe Flow thinks console is immutable."
"C:\Users\Miguel\Documents\Aplicaciones\1Sistema de información para la gestión de proyectos de investigación del CGAO\node_modules\react-dom\umd\react-dom-server-legacy.browser.development.js","3596","        }; // $FlowFixMe Flow thinks console is immutable."
"C:\Users\Miguel\Documents\Aplicaciones\1Sistema de información para la gestión de proyectos de investigación del CGAO\node_modules\react-dom\umd\react-dom-server-legacy.browser.development.js","3672","    var previousPrepareStackTrace = Error.prepareStackTrace; // $FlowFixMe It does accept undefined."
"C:\Users\Miguel\Documents\Aplicaciones\1Sistema de información para la gestión de proyectos de investigación del CGAO\node_modules\react-dom\umd\react-dom-server-legacy.browser.development.js","3691","        }; // $FlowFixMe"
"C:\Users\Miguel\Documents\Aplicaciones\1Sistema de información para la gestión de proyectos de investigación del CGAO\node_modules\react-dom\umd\react-dom-server-legacy.browser.development.js","3899","      // $FlowFixMe This is okay but Flow doesn't know it."
"C:\Users\Miguel\Documents\Aplicaciones\1Sistema de información para la gestión de proyectos de investigación del CGAO\node_modules\react-dom\umd\react-dom-server-legacy.browser.development.js","4137","        // $FlowFixMe: This has to be non-null since it's not equal to prev."
"C:\Users\Miguel\Documents\Aplicaciones\1Sistema de información para la gestión de proyectos de investigación del CGAO\node_modules\react-dom\umd\react-dom-server-legacy.browser.development.js","5008","    // $FlowFixMe: Flow doesn't like mixed types"
"C:\Users\Miguel\Documents\Aplicaciones\1Sistema de información para la gestión de proyectos de investigación del CGAO\node_modules\react-dom\umd\react-dom-server-legacy.browser.development.js","6061","      if (typeof Symbol === 'function' && // $FlowFixMe Flow doesn't know about toStringTag"
"C:\Users\Miguel\Documents\Aplicaciones\1Sistema de información para la gestión de proyectos de investigación del CGAO\node_modules\react-dom\umd\react-dom-server.browser.development.js","151","      // $FlowFixMe: This is an Error object or the destination accepts other types."
"C:\Users\Miguel\Documents\Aplicaciones\1Sistema de información para la gestión de proyectos de investigación del CGAO\node_modules\react-dom\umd\react-dom-server.browser.development.js","173","  // $FlowFixMe only called in DEV, so void return is not possible."
"C:\Users\Miguel\Documents\Aplicaciones\1Sistema de información para la gestión de proyectos de investigación del CGAO\node_modules\react-dom\umd\react-dom-server.browser.development.js","181","  } // $FlowFixMe only called in DEV, so void return is not possible."
"C:\Users\Miguel\Documents\Aplicaciones\1Sistema de información para la gestión de proyectos de investigación del CGAO\node_modules\react-dom\umd\react-dom-server.browser.development.js","3566","        }; // $FlowFixMe Flow thinks console is immutable."
"C:\Users\Miguel\Documents\Aplicaciones\1Sistema de información para la gestión de proyectos de investigación del CGAO\node_modules\react-dom\umd\react-dom-server.browser.development.js","3593","        }; // $FlowFixMe Flow thinks console is immutable."
"C:\Users\Miguel\Documents\Aplicaciones\1Sistema de información para la gestión de proyectos de investigación del CGAO\node_modules\react-dom\umd\react-dom-server.browser.development.js","3669","    var previousPrepareStackTrace = Error.prepareStackTrace; // $FlowFixMe It does accept undefined."
"C:\Users\Miguel\Documents\Aplicaciones\1Sistema de información para la gestión de proyectos de investigación del CGAO\node_modules\react-dom\umd\react-dom-server.browser.development.js","3688","        }; // $FlowFixMe"
"C:\Users\Miguel\Documents\Aplicaciones\1Sistema de información para la gestión de proyectos de investigación del CGAO\node_modules\react-dom\umd\react-dom-server.browser.development.js","3896","      // $FlowFixMe This is okay but Flow doesn't know it."
"C:\Users\Miguel\Documents\Aplicaciones\1Sistema de información para la gestión de proyectos de investigación del CGAO\node_modules\react-dom\umd\react-dom-server.browser.development.js","4134","        // $FlowFixMe: This has to be non-null since it's not equal to prev."
"C:\Users\Miguel\Documents\Aplicaciones\1Sistema de información para la gestión de proyectos de investigación del CGAO\node_modules\react-dom\umd\react-dom-server.browser.development.js","5005","    // $FlowFixMe: Flow doesn't like mixed types"
"C:\Users\Miguel\Documents\Aplicaciones\1Sistema de información para la gestión de proyectos de investigación del CGAO\node_modules\react-dom\umd\react-dom-server.browser.development.js","6058","      if (typeof Symbol === 'function' && // $FlowFixMe Flow doesn't know about toStringTag"
"C:\Users\Miguel\Documents\Aplicaciones\1Sistema de información para la gestión de proyectos de investigación del CGAO\node_modules\react-dom\umd\react-dom-server.browser.development.js","6974","        }, // $FlowFixMe size() methods are not allowed on byte streams."
"C:\Users\Miguel\Documents\Aplicaciones\1Sistema de información para la gestión de proyectos de investigación del CGAO\node_modules\react-dom\umd\react-dom-test-utils.development.js","418","          event.preventDefault(); // $FlowFixMe - flow is not aware of `unknown` in IE"
"C:\Users\Miguel\Documents\Aplicaciones\1Sistema de información para la gestión de proyectos de investigación del CGAO\node_modules\react-dom\umd\react-dom-test-utils.development.js","433","          event.stopPropagation(); // $FlowFixMe - flow is not aware of `unknown` in IE"
"C:\Users\Miguel\Documents\Aplicaciones\1Sistema de información para la gestión de proyectos de investigación del CGAO\node_modules\react-dom\umd\react-dom.development.js","200","  // $FlowFixMe only called in DEV, so void return is not possible."
"C:\Users\Miguel\Documents\Aplicaciones\1Sistema de información para la gestión de proyectos de investigación del CGAO\node_modules\react-dom\umd\react-dom.development.js","208","  } // $FlowFixMe only called in DEV, so void return is not possible."
"C:\Users\Miguel\Documents\Aplicaciones\1Sistema de información para la gestión de proyectos de investigación del CGAO\node_modules\react-dom\umd\react-dom.development.js","920","        }; // $FlowFixMe Flow thinks console is immutable."
"C:\Users\Miguel\Documents\Aplicaciones\1Sistema de información para la gestión de proyectos de investigación del CGAO\node_modules\react-dom\umd\react-dom.development.js","947","        }; // $FlowFixMe Flow thinks console is immutable."
"C:\Users\Miguel\Documents\Aplicaciones\1Sistema de información para la gestión de proyectos de investigación del CGAO\node_modules\react-dom\umd\react-dom.development.js","1023","    var previousPrepareStackTrace = Error.prepareStackTrace; // $FlowFixMe It does accept undefined."
"C:\Users\Miguel\Documents\Aplicaciones\1Sistema de información para la gestión de proyectos de investigación del CGAO\node_modules\react-dom\umd\react-dom.development.js","1042","        }; // $FlowFixMe"
"C:\Users\Miguel\Documents\Aplicaciones\1Sistema de información para la gestión de proyectos de investigación del CGAO\node_modules\react-dom\umd\react-dom.development.js","4052","      var options = {}; // $FlowFixMe: Ignore Flow complaining about needing a value"
"C:\Users\Miguel\Documents\Aplicaciones\1Sistema de información para la gestión de proyectos de investigación del CGAO\node_modules\react-dom\umd\react-dom.development.js","6888","          event.preventDefault(); // $FlowFixMe - flow is not aware of `unknown` in IE"
"C:\Users\Miguel\Documents\Aplicaciones\1Sistema de información para la gestión de proyectos de investigación del CGAO\node_modules\react-dom\umd\react-dom.development.js","6903","          event.stopPropagation(); // $FlowFixMe - flow is not aware of `unknown` in IE"
"C:\Users\Miguel\Documents\Aplicaciones\1Sistema de información para la gestión de proyectos de investigación del CGAO\node_modules\react-dom\umd\react-dom.development.js","10364","          // $FlowFixMe - Should be inferred as not undefined."
"C:\Users\Miguel\Documents\Aplicaciones\1Sistema de información para la gestión de proyectos de investigación del CGAO\node_modules\react-dom\umd\react-dom.development.js","10376","          // $FlowFixMe - Should be inferred as not undefined."
"C:\Users\Miguel\Documents\Aplicaciones\1Sistema de información para la gestión de proyectos de investigación del CGAO\node_modules\react-dom\umd\react-dom.development.js","10387","            // $FlowFixMe - Should be inferred as not undefined."
"C:\Users\Miguel\Documents\Aplicaciones\1Sistema de información para la gestión de proyectos de investigación del CGAO\node_modules\react-dom\umd\react-dom.development.js","10398","              // $FlowFixMe - Should be inferred as not undefined."
"C:\Users\Miguel\Documents\Aplicaciones\1Sistema de información para la gestión de proyectos de investigación del CGAO\node_modules\react-dom\umd\react-dom.development.js","10409","                isMismatchDueToBadCasing = true; // $FlowFixMe - Should be inferred as not undefined."
"C:\Users\Miguel\Documents\Aplicaciones\1Sistema de información para la gestión de proyectos de investigación del CGAO\node_modules\react-dom\umd\react-dom.development.js","10412","              } // $FlowFixMe - Should be inferred as not undefined."
"C:\Users\Miguel\Documents\Aplicaciones\1Sistema de información para la gestión de proyectos de investigación del CGAO\node_modules\react-dom\umd\react-dom.development.js","10432","        if ( // $FlowFixMe - Should be inferred as not undefined."
"C:\Users\Miguel\Documents\Aplicaciones\1Sistema de información para la gestión de proyectos de investigación del CGAO\node_modules\react-dom\umd\react-dom.development.js","10434","          // $FlowFixMe - Should be inferred as not undefined."
"C:\Users\Miguel\Documents\Aplicaciones\1Sistema de información para la gestión de proyectos de investigación del CGAO\node_modules\react-dom\umd\react-dom.development.js","11418","      // $FlowFixMe: Only Element or Document can be parent nodes."
"C:\Users\Miguel\Documents\Aplicaciones\1Sistema de información para la gestión de proyectos de investigación del CGAO\node_modules\react-dom\umd\react-dom.development.js","11453","      // $FlowFixMe: Only Element or Document can be parent nodes."
"C:\Users\Miguel\Documents\Aplicaciones\1Sistema de información para la gestión de proyectos de investigación del CGAO\node_modules\react-dom\umd\react-dom.development.js","11460","      // $FlowFixMe: Only Element or Document can be parent nodes."
"C:\Users\Miguel\Documents\Aplicaciones\1Sistema de información para la gestión de proyectos de investigación del CGAO\node_modules\react-dom\umd\react-dom.development.js","11670","      // $FlowFixMe This is okay but Flow doesn't know it."
"C:\Users\Miguel\Documents\Aplicaciones\1Sistema de información para la gestión de proyectos de investigación del CGAO\node_modules\react-dom\umd\react-dom.development.js","13733","        if (typeof Symbol === 'function' && // $FlowFixMe Flow doesn't know about toStringTag"
"C:\Users\Miguel\Documents\Aplicaciones\1Sistema de información para la gestión de proyectos de investigación del CGAO\node_modules\react-dom\umd\react-dom.development.js","15730","    // $FlowFixMe: Flow doesn't like mixed types"
"C:\Users\Miguel\Documents\Aplicaciones\1Sistema de información para la gestión de proyectos de investigación del CGAO\node_modules\react-dom\umd\react-dom.development.js","16176","      // $FlowFixMe: Flow doesn't like mixed types"
"C:\Users\Miguel\Documents\Aplicaciones\1Sistema de información para la gestión de proyectos de investigación del CGAO\node_modules\react-dom\umd\react-dom.development.js","22058","                // $FlowFixMe Flow doesn't support type casting in combination with the -= operator"
"C:\Users\Miguel\Documents\Aplicaciones\1Sistema de información para la gestión de proyectos de investigación del CGAO\node_modules\react-dom\umd\react-dom.development.js","22093","                // $FlowFixMe Flow doesn't support type casting in combination with the -= operator"
"C:\Users\Miguel\Documents\Aplicaciones\1Sistema de información para la gestión de proyectos de investigación del CGAO\node_modules\react-dom\umd\react-dom.development.js","22395","                  // $FlowFixMe Flow doesn't support type casting in combination with the -= operator"
"C:\Users\Miguel\Documents\Aplicaciones\1Sistema de información para la gestión de proyectos de investigación del CGAO\node_modules\react-dom\umd\react-dom.development.js","25970","                // FIXME: What if the suspended lanes are Idle? Should not restart."
"C:\Users\Miguel\Documents\Aplicaciones\1Sistema de información para la gestión de proyectos de investigación del CGAO\node_modules\react-dom\umd\react-dom.development.js","26277","      root.timeoutHandle = noTimeout; // $FlowFixMe Complains noTimeout is not a TimeoutID, despite the check above"
"C:\Users\Miguel\Documents\Aplicaciones\1Sistema de información para la gestión de proyectos de investigación del CGAO\node_modules\react-dom\umd\react-dom.development.js","27665","  var resolveFamily = null; // $FlowFixMe Flow gets confused by a WeakSet feature check below."
"C:\Users\Miguel\Documents\Aplicaciones\1Sistema de información para la gestión de proyectos de investigación del CGAO\node_modules\react-dom\umd\react-dom.development.js","28163","    // $FlowFixMe: the shapes are exact here but Flow doesn't like constructors"
"C:\Users\Miguel\Documents\Aplicaciones\1Sistema de información para la gestión de proyectos de investigación del CGAO\node_modules\react-dom\umd\react-dom.development.js","29064","      } // $FlowFixMe number or string is fine here"
"C:\Users\Miguel\Documents\Aplicaciones\1Sistema de información para la gestión de proyectos de investigación del CGAO\node_modules\react-dom\umd\react-dom.development.js","29080","        var newKey = newPath[index]; // $FlowFixMe number or string is fine here"
"C:\Users\Miguel\Documents\Aplicaciones\1Sistema de información para la gestión de proyectos de investigación del CGAO\node_modules\react-dom\umd\react-dom.development.js","29090","        // $FlowFixMe number or string is fine here"
"C:\Users\Miguel\Documents\Aplicaciones\1Sistema de información para la gestión de proyectos de investigación del CGAO\node_modules\react-dom\umd\react-dom.development.js","29091","        updated[oldKey] = copyWithRenameImpl( // $FlowFixMe number or string is fine here"
"C:\Users\Miguel\Documents\Aplicaciones\1Sistema de información para la gestión de proyectos de investigación del CGAO\node_modules\react-dom\umd\react-dom.development.js","29122","      var updated = isArray(obj) ? obj.slice() : assign({}, obj); // $FlowFixMe number or string is fine here"
"C:\Users\Miguel\Documents\Aplicaciones\1Sistema de información para la gestión de proyectos de investigación del CGAO\node_modules\react-dom\umd\react-dom.development.js","29793","          // $FlowFixMe This should probably use `delete container._reactRootContainer`"
"C:\Users\Miguel\Documents\Aplicaciones\1Sistema de información para la gestión de proyectos de investigación del CGAO\node_modules\react-dom\umd\react-dom.development.js","29841","    // $FlowFixMe The Flow type is opaque but there's no way to actually create it."
"C:\Users\Miguel\Documents\Aplicaciones\1Sistema de información para la gestión de proyectos de investigación del CGAO\node_modules\tailwindcss\peers\index.js","54431","          // FIXME: this.Combinator() should be used instead"
"C:\Users\Miguel\Documents\Aplicaciones\1Sistema de información para la gestión de proyectos de investigación del CGAO\node_modules\tailwindcss\peers\index.js","74925","          // FIXME: this.Combinator() should be used instead"
"C:\Users\Miguel\Documents\Aplicaciones\1Sistema de información para la gestión de proyectos de investigación del CGAO\node_modules\vite\dist\node\chunks\dep-Dq2t6Dq0.js","17680","	      // FIXME Should probably have an option in net.Socket to create a"
"C:\Users\Miguel\Documents\Aplicaciones\1Sistema de información para la gestión de proyectos de investigación del CGAO\node_modules\vite\dist\node\chunks\dep-Dq2t6Dq0.js","17688","	      // FIXME Hack to have stream not keep the event loop alive."
